N,t,err,norm_x
2,0.0002868175506592 ,0.0000000000000001,0.9020061639802918
4,0.0007998943328857 ,0.0000000000000010,1.3008496153631417
8,0.0059850215911865 ,0.0000000000000766,1.3589307944843909
16,0.0385248661041260 ,0.0102627405938463,2.5114123162310955
32,0.2361018657684326 ,0.0075870611980757,2.9026306940160094
64,1.8360910415649414 ,0.0000000000133596,4.4583039051157627
128,13.3351140022277832 ,0.4019958378427035,6.6206020059304045
