N,t,err,norm_x
2,0.0004508495330811 ,0.0000000000000001,0.9020061639802918
4,0.0014891624450684 ,0.0000000000000004,1.3008496153631417
8,0.0093472003936768 ,0.0000000000000009,1.3589307944843909
16,0.0483031272888184 ,0.0000000000000210,2.5114123162310955
32,0.2290720939636230 ,0.0000000000000743,2.9026306940160094
64,1.8248391151428223 ,0.0000000000000661,4.4583039051157627
128,14.0384840965270996 ,0.0000000000002604,6.6206020059304045
